Date,Price,Open,High,Low,Vol.,Change %
08/09/2023,19.6,19.69,19.83,19.5,500.98K,-0.46%
08/08/2023,19.69,19.85,19.9,19.5,580.56K,-0.30%
08/07/2023,19.75,19.63,19.93,19.63,579.67K,1.02%
08/06/2023,19.55,19.0,19.81,18.99,1.25M,3.93%
08/03/2023,18.81,18.61,18.9,18.6,119.72K,1.07%
08/02/2023,18.61,18.91,19.15,18.6,336.88K,-1.48%
08/01/2023,18.89,18.91,19.3,18.86,357.12K,-0.05%
07/31/2023,18.9,19.25,19.4,18.8,379.01K,-1.66%
07/30/2023,19.22,18.84,19.5,18.5,845.15K,2.84%
07/27/2023,18.69,18.9,18.95,18.55,233.82K,-1.11%
07/26/2023,18.9,18.42,18.95,18.31,368.47K,2.55%
07/25/2023,18.43,18.9,18.99,18.37,518.08K,-2.38%
07/24/2023,18.88,19.16,19.3,18.85,175.57K,-1.41%
07/19/2023,19.15,19.21,19.39,19.13,409.15K,0.21%
07/18/2023,19.11,18.81,19.35,18.74,1.17M,2.14%
07/17/2023,18.71,18.7,18.86,18.51,327.82K,0.54%
07/16/2023,18.61,18.69,18.99,18.43,490.33K,-0.27%
07/13/2023,18.66,18.5,18.75,18.35,639.43K,0.92%
07/12/2023,18.49,18.64,18.8,18.4,447.72K,0.27%
07/11/2023,18.44,18.95,19.0,18.31,433.97K,-2.07%
07/10/2023,18.83,17.7,18.9,17.66,529.33K,6.75%
07/09/2023,17.64,19.67,19.67,17.25,915.11K,-10.41%
07/06/2023,19.69,20.49,20.49,19.68,838.14K,-3.24%
07/05/2023,20.35,21.11,21.19,20.3,645.71K,-3.55%
07/04/2023,21.1,21.59,21.8,21.05,461.62K,-1.40%
06/26/2023,21.4,21.25,21.47,21.2,496.92K,0.66%
06/25/2023,21.26,21.29,21.48,21.0,364.30K,0.38%
06/22/2023,21.18,21.32,21.38,20.91,322.77K,-0.70%
06/21/2023,21.33,21.9,21.9,21.04,506.75K,-2.07%
06/20/2023,21.78,22.52,22.65,21.61,1.01M,-2.24%
06/19/2023,22.28,21.91,22.67,21.78,1.91M,2.34%
06/18/2023,21.77,23.0,24.0,21.01,1.68M,6.66%
06/15/2023,20.41,20.49,20.49,20.12,348.20K,0.39%
06/14/2023,20.33,20.43,20.84,20.2,882.63K,-0.34%
06/13/2023,20.4,20.98,21.0,20.36,674.57K,-2.30%
06/12/2023,20.88,20.9,21.1,20.77,316.22K,0.38%
06/11/2023,20.8,20.2,21.4,20.2,844.51K,2.97%
06/08/2023,20.2,20.15,20.65,19.95,1.09M,0.40%
06/07/2023,20.12,21.04,21.18,20.1,1.11M,-4.37%
06/06/2023,21.04,21.56,21.81,21.01,723.09K,-1.68%
06/05/2023,21.4,22.8,22.8,21.25,1.03M,-5.23%
06/04/2023,22.58,23.19,23.19,22.56,1.34M,-1.40%
06/01/2023,22.9,23.08,23.34,22.87,1.11M,0.35%
05/31/2023,22.82,22.77,23.45,22.6,2.22M,1.83%
05/30/2023,22.41,22.89,23.13,22.25,1.34M,-1.02%
05/29/2023,22.64,24.1,24.1,22.55,3.29M,-24.43%
05/28/2023,29.96,29.6,30.11,29.46,2.93M,2.15%
05/25/2023,29.33,29.31,29.51,29.0,2.55M,0.10%
05/24/2023,29.3,28.87,29.3,28.25,1.25M,2.81%
05/23/2023,28.5,27.9,28.9,27.8,989.27K,2.11%
05/22/2023,27.91,28.81,29.09,27.8,1.89M,-3.09%
05/21/2023,28.8,29.45,29.7,28.76,1.40M,-0.76%
05/18/2023,29.02,28.79,29.4,28.06,2.26M,1.79%
05/17/2023,28.51,29.4,29.78,28.0,2.84M,-1.69%
05/16/2023,29.0,26.97,29.25,26.61,3.25M,7.85%
05/15/2023,26.89,26.95,27.4,26.8,2.56M,1.66%
05/14/2023,26.45,23.2,26.48,23.2,3.44M,15.86%
05/11/2023,22.83,22.96,23.1,22.69,468.32K,-0.48%
05/10/2023,22.94,22.61,23.0,22.3,376.51K,1.01%
05/09/2023,22.71,23.47,23.88,22.6,727.90K,-2.03%
05/08/2023,23.18,22.54,23.28,22.32,535.12K,3.95%
05/07/2023,22.3,22.7,22.7,22.15,470.13K,-0.98%
05/03/2023,22.52,22.73,22.87,22.33,314.48K,-0.49%
05/02/2023,22.63,22.77,22.94,22.42,314.03K,-0.48%
05/01/2023,22.74,23.42,23.59,22.65,766.59K,-2.99%
04/30/2023,23.44,23.99,24.19,23.26,883.40K,-2.01%
04/27/2023,23.92,23.7,24.15,23.67,679.83K,1.23%
04/26/2023,23.63,23.9,23.99,23.6,290.84K,-0.38%
04/19/2023,23.72,23.9,23.98,23.65,463.49K,-0.21%
04/18/2023,23.77,24.0,24.29,23.7,743.47K,-0.92%
04/13/2023,23.99,23.58,24.1,23.46,1.51M,1.70%
04/12/2023,23.59,23.05,23.7,22.8,956.68K,2.52%
04/11/2023,23.01,22.89,23.29,22.5,851.20K,0.92%
04/10/2023,22.8,22.6,22.8,22.27,569.87K,1.33%
04/09/2023,22.5,22.86,22.98,22.3,598.67K,-2.13%
04/06/2023,22.99,21.29,22.99,20.89,1.72M,8.44%
04/05/2023,21.2,21.19,21.35,21.11,251.46K,0.05%
04/04/2023,21.19,21.4,21.47,21.08,384.96K,-0.33%
04/03/2023,21.26,21.31,21.47,21.18,428.85K,0.38%
04/02/2023,21.18,20.92,21.49,20.92,291.33K,1.39%
03/30/2023,20.89,21.15,21.2,20.8,349.89K,-0.43%
03/29/2023,20.98,21.09,21.39,20.9,385.00K,0.14%
03/28/2023,20.95,21.01,21.2,20.7,367.21K,-0.43%
03/27/2023,21.04,21.4,21.5,20.9,366.67K,-1.03%
03/26/2023,21.26,20.71,21.6,20.71,713.27K,2.85%
03/23/2023,20.67,20.6,20.8,20.2,323.57K,-0.24%
03/22/2023,20.72,21.27,21.5,20.51,919.34K,-1.80%
03/21/2023,21.1,21.39,21.43,20.9,1.07M,2.23%
03/20/2023,20.64,20.05,20.82,19.95,778.36K,3.10%
03/19/2023,20.02,19.52,20.3,19.0,858.73K,1.57%
03/16/2023,19.71,17.86,20.5,17.8,935.13K,5.46%
03/15/2023,18.69,20.43,20.98,18.03,794.44K,-8.47%
03/14/2023,20.42,19.83,20.59,19.31,504.92K,2.87%
03/13/2023,19.85,21.5,21.88,19.52,813.70K,-7.97%
03/12/2023,21.57,22.05,22.08,21.26,543.90K,-2.35%
03/09/2023,22.09,22.27,22.27,21.91,397.96K,0.64%
03/08/2023,21.95,22.0,22.26,21.8,633.44K,-0.18%
03/07/2023,21.99,22.59,22.62,21.91,707.60K,-2.27%
03/06/2023,22.5,22.76,22.9,22.41,782.99K,-0.04%
03/05/2023,22.51,22.55,22.6,22.31,646.63K,0.49%
03/02/2023,22.4,22.78,22.9,22.36,1.01M,-1.28%
03/01/2023,22.69,22.9,22.93,22.36,1.55M,0.44%
02/28/2023,22.59,22.01,22.85,21.84,3.32M,3.43%
02/27/2023,21.84,21.89,22.16,21.6,2.23M,0.65%
02/26/2023,21.7,23.25,23.95,21.61,5.45M,8.72%
02/23/2023,19.96,20.1,20.1,19.62,144.24K,0.96%
02/22/2023,19.77,20.5,20.5,19.71,600.66K,-3.33%
02/21/2023,20.45,19.93,20.55,19.93,139.73K,1.79%
02/20/2023,20.09,20.62,20.99,20.0,267.87K,-3.51%
02/19/2023,20.82,21.09,21.45,20.7,228.35K,-1.47%
02/16/2023,21.13,21.25,21.8,20.93,508.20K,-0.52%
02/15/2023,21.24,20.3,21.24,20.16,532.91K,5.41%
02/14/2023,20.15,20.15,20.69,20.07,387.28K,0.65%
02/13/2023,20.02,19.98,20.26,19.97,585.90K,0.10%
02/12/2023,20.0,20.17,20.37,19.92,381.46K,-1.62%
02/09/2023,20.33,20.24,20.48,20.15,192.69K,0.44%
02/08/2023,20.24,20.5,20.8,20.1,318.14K,-0.78%
02/07/2023,20.4,19.8,20.4,19.75,954.04K,4.19%
02/06/2023,19.58,20.0,20.25,19.35,277.17K,-1.61%
02/05/2023,19.9,19.98,20.3,19.22,400.22K,-0.40%
02/02/2023,19.98,21.0,21.3,19.82,536.63K,-3.20%
02/01/2023,20.64,19.95,20.95,19.13,674.37K,5.90%
01/31/2023,19.49,19.7,19.9,19.11,364.36K,-1.52%
01/30/2023,19.79,20.54,20.72,19.63,434.60K,-2.61%
01/29/2023,20.32,20.48,20.5,20.15,778.42K,0.64%
01/25/2023,20.19,20.7,20.9,20.02,240.82K,-1.37%
01/24/2023,20.47,19.91,20.9,19.63,1.26M,2.81%
01/23/2023,19.91,20.29,20.49,19.8,562.03K,-0.85%
01/22/2023,20.08,19.51,20.4,19.4,1.07M,3.08%
01/19/2023,19.48,20.13,20.5,19.1,974.61K,-2.75%
01/18/2023,20.03,21.1,21.15,19.8,1.71M,-3.38%
01/17/2023,20.73,20.44,21.25,20.41,459.20K,3.60%
01/16/2023,20.01,19.55,20.19,19.22,1.69M,3.30%
01/15/2023,19.37,18.4,19.68,18.14,859.10K,6.02%
01/12/2023,18.27,18.35,18.55,17.67,591.95K,1.50%
01/11/2023,18.0,17.0,18.46,17.0,2.11M,5.82%
01/10/2023,17.01,16.92,17.29,16.85,890.31K,0.24%
01/09/2023,16.97,17.5,17.61,16.84,832.26K,-1.96%
01/05/2023,17.31,17.39,17.75,17.22,861.28K,1.05%
01/04/2023,17.13,16.9,17.32,16.52,1.62M,1.84%
01/03/2023,16.82,16.85,16.92,16.5,841.67K,1.33%
01/02/2023,16.6,16.72,16.88,16.5,446.39K,0.18%
12/29/2022,16.57,16.53,16.75,16.4,228.49K,-0.36%
12/28/2022,16.63,16.89,16.89,16.5,215.48K,0.18%
12/27/2022,16.6,16.95,17.0,16.51,342.29K,-0.90%
12/26/2022,16.75,16.53,16.93,16.46,317.51K,0.90%
12/25/2022,16.6,16.6,17.27,16.21,1.48M,3.30%
12/22/2022,16.07,16.4,16.68,16.0,216.81K,-2.13%
12/21/2022,16.42,16.49,16.7,16.24,377.38K,0.12%
12/20/2022,16.4,16.3,16.73,15.92,860.67K,2.44%
12/19/2022,16.01,15.51,16.38,15.51,389.95K,-0.31%
12/18/2022,16.06,16.4,16.69,15.91,592.68K,-1.53%
12/15/2022,16.31,16.9,17.3,16.06,1.14M,-3.15%
12/14/2022,16.84,17.37,17.44,16.71,763.84K,-1.69%
12/13/2022,17.13,16.8,17.3,16.51,1.59M,4.13%
12/12/2022,16.45,16.5,16.89,15.94,819.67K,-1.26%
12/11/2022,16.66,17.39,17.39,16.6,1.83M,-2.69%
12/08/2022,17.12,16.0,17.2,15.91,2.38M,9.04%
12/07/2022,15.7,15.02,15.93,15.02,828.76K,4.60%
12/06/2022,15.01,15.05,15.25,14.66,1.15M,-0.33%
12/05/2022,15.06,15.97,15.98,14.91,1.91M,-4.26%
12/04/2022,15.73,15.2,16.49,15.19,1.29M,4.24%
12/01/2022,15.09,15.4,15.5,15.0,452.25K,0.20%
11/30/2022,15.06,15.2,15.3,14.93,580.97K,-0.79%
11/29/2022,15.18,15.0,15.58,15.0,906.00K,1.20%
11/28/2022,15.0,14.89,15.1,14.52,897.39K,2.11%
11/27/2022,14.69,14.5,15.09,14.43,893.71K,2.58%
11/24/2022,14.32,14.03,14.46,14.0,300.85K,1.56%
11/23/2022,14.1,14.0,14.7,13.91,1.69M,1.51%
11/22/2022,13.89,13.4,14.07,13.4,1.17M,3.58%
11/21/2022,13.41,13.61,13.89,13.34,746.65K,-1.69%
11/20/2022,13.64,13.6,13.74,13.46,635.10K,0.44%
11/17/2022,13.58,13.87,13.9,13.5,677.46K,-0.44%
11/16/2022,13.64,13.75,14.15,13.55,1.60M,0.44%
11/15/2022,13.58,12.87,13.75,12.85,1.63M,5.52%
11/14/2022,12.87,12.98,13.08,12.78,460.24K,-0.92%
11/13/2022,12.99,12.87,13.25,12.77,1.75M,3.42%
11/10/2022,12.56,12.9,12.94,12.5,1.12M,-1.41%
11/09/2022,12.74,12.75,13.41,12.65,1.70M,-0.39%
11/08/2022,12.79,12.5,13.2,12.42,1.97M,3.23%
11/07/2022,12.39,12.28,12.8,12.0,1.23M,1.89%
11/06/2022,12.16,12.2,12.8,12.1,1.37M,1.00%
11/03/2022,12.04,11.18,12.15,11.0,1.60M,9.06%
11/02/2022,11.04,11.25,11.35,11.0,439.79K,-0.99%
11/01/2022,11.15,11.16,11.3,11.1,188.18K,0.27%
10/31/2022,11.12,11.29,11.29,11.05,527.26K,-0.71%
10/30/2022,11.2,11.6,11.6,11.14,234.54K,-1.32%
10/27/2022,11.35,11.54,11.64,11.3,505.95K,1.16%
10/26/2022,11.22,11.11,11.54,11.09,575.21K,1.91%
10/25/2022,11.01,11.2,11.2,11.0,305.44K,-0.99%
10/24/2022,11.12,11.5,11.5,11.1,220.39K,-2.03%
10/23/2022,11.35,11.65,11.77,11.34,158.26K,-1.39%
10/20/2022,11.51,11.32,11.8,11.0,732.65K,3.69%
10/19/2022,11.1,11.26,11.3,10.96,431.38K,-0.89%
10/18/2022,11.2,11.5,11.69,11.17,551.74K,-2.52%
10/17/2022,11.49,11.7,11.7,11.43,207.42K,0.79%
10/16/2022,11.4,11.4,11.5,11.32,207.09K,0.88%
10/13/2022,11.3,11.33,11.6,11.25,145.38K,0.00%
10/12/2022,11.3,11.42,11.68,11.25,172.71K,-1.31%
10/11/2022,11.45,12.19,12.19,11.25,507.08K,-4.18%
10/10/2022,11.95,11.79,12.2,11.79,1.11M,2.66%
10/09/2022,11.64,11.57,11.89,11.5,165.38K,1.13%
10/05/2022,11.51,12.21,12.4,11.36,676.44K,-5.11%
10/04/2022,12.13,12.9,13.1,12.04,833.04K,1.34%
10/03/2022,11.97,11.8,11.9,11.4,17.87K,0.00%
10/02/2022,11.97,11.85,11.94,11.43,16.78K,0.00%
09/29/2022,11.97,11.51,12.06,11.51,81.60K,1.61%
09/28/2022,11.78,11.97,12.04,11.62,10.35K,0.00%
09/27/2022,11.78,11.99,12.0,11.72,197.17K,0.94%
09/26/2022,11.67,11.52,12.0,11.52,95.39K,2.28%
09/25/2022,11.41,11.75,11.75,11.33,7.14K,0.00%
09/22/2022,11.41,11.68,11.79,11.3,70.10K,-3.14%
09/21/2022,11.78,11.45,12.12,11.45,277.75K,6.51%
09/20/2022,11.06,10.73,11.45,10.73,117.35K,1.19%
09/19/2022,10.93,10.52,11.01,10.42,129.57K,3.50%
09/18/2022,10.56,11.3,11.49,10.51,140.52K,-6.47%
09/15/2022,11.29,11.2,11.75,11.1,323.44K,1.44%
09/14/2022,11.13,11.0,11.2,11.0,55.68K,1.09%
09/13/2022,11.01,11.39,11.39,11.0,24.81K,0.00%
09/12/2022,11.01,11.03,11.79,11.0,205.57K,-3.00%
09/11/2022,11.35,11.69,11.7,11.3,27.38K,-1.05%
09/08/2022,11.47,11.5,11.6,11.22,43.38K,1.41%
09/07/2022,11.31,11.74,11.8,11.3,63.89K,-2.58%
09/06/2022,11.61,11.69,11.8,11.33,72.56K,3.02%
09/05/2022,11.27,11.45,11.6,11.14,174.19K,1.71%
09/04/2022,11.08,11.01,11.24,10.76,53.45K,0.73%
09/01/2022,11.0,11.0,11.6,10.72,241.27K,-0.45%
08/31/2022,11.05,11.25,11.34,11.01,88.93K,-2.47%
08/30/2022,11.33,11.57,11.85,11.27,108.23K,-2.07%
08/29/2022,11.57,12.44,12.6,11.5,378.26K,-5.09%
08/28/2022,12.19,11.8,12.7,11.8,397.20K,2.78%
08/25/2022,11.86,11.93,12.35,11.75,395.60K,1.89%
08/24/2022,11.64,11.61,12.24,11.53,292.66K,-0.09%
08/23/2022,11.65,12.0,12.21,11.56,542.00K,-2.18%
08/22/2022,11.91,11.16,12.4,11.09,1.22M,6.43%
08/21/2022,11.19,11.02,11.6,11.02,327.06K,-0.18%
08/18/2022,11.21,10.5,12.0,10.33,1.08M,4.28%
08/17/2022,10.75,10.1,10.8,9.62,331.29K,9.69%
08/16/2022,9.8,10.14,10.14,9.7,74.83K,-1.11%
08/15/2022,9.91,10.1,10.24,9.83,163.91K,-0.60%
08/14/2022,9.97,10.0,10.1,9.63,295.39K,-0.40%
08/11/2022,10.01,10.01,10.16,9.75,146.31K,-0.30%
08/10/2022,10.04,9.82,10.15,9.82,52.22K,1.01%
08/09/2022,9.94,10.15,10.25,9.9,94.64K,-1.00%
08/08/2022,10.04,10.7,10.7,10.01,64.30K,-1.08%
08/07/2022,10.15,10.5,10.69,10.04,86.83K,-2.50%
08/04/2022,10.41,10.3,10.47,10.15,106.08K,2.87%
08/03/2022,10.12,9.8,10.45,9.8,89.53K,3.79%
08/02/2022,9.75,10.36,10.36,9.61,33.65K,-2.01%
08/01/2022,9.95,10.75,10.79,9.86,144.42K,-5.95%
07/31/2022,10.58,10.68,10.99,10.52,212.39K,5.06%
07/28/2022,10.07,9.4,10.25,9.27,205.47K,6.11%
07/27/2022,9.49,9.51,9.79,9.39,42.40K,-0.73%
07/26/2022,9.56,9.5,9.6,9.34,78.46K,-0.42%
07/25/2022,9.6,9.73,9.73,9.52,33.12K,-2.93%
07/24/2022,9.89,9.99,9.99,9.73,18.22K,0.00%
07/21/2022,9.89,10.01,10.37,9.85,62.00K,0.61%
07/20/2022,9.83,10.18,10.18,9.81,559.76K,-1.60%
07/19/2022,9.99,10.0,10.08,9.72,69.16K,0.50%
07/18/2022,9.94,10.0,10.2,9.8,69.23K,6.31%
07/17/2022,9.35,9.31,9.8,9.16,30.31K,0.00%
07/07/2022,9.35,9.72,10.5,9.26,114.20K,-4.88%
07/06/2022,9.83,10.11,10.68,9.72,90.30K,-6.11%
07/05/2022,10.47,8.0,10.47,8.0,2.23M,19.93%
07/04/2022,8.73,8.33,8.33,7.8,32.91K,0.00%
07/03/2022,8.73,8.32,8.59,8.3,16.51K,0.00%
06/29/2022,8.73,8.7,8.73,8.25,31.86K,0.00%
06/28/2022,8.73,8.3,8.73,8.22,15.79K,0.00%
06/27/2022,8.73,8.75,8.75,8.4,22.39K,0.00%
06/26/2022,8.73,8.75,8.8,8.56,31.97K,0.00%
06/23/2022,8.73,8.2,8.73,8.2,7.83K,0.00%
06/22/2022,8.73,8.85,8.85,8.41,19.03K,0.00%
06/21/2022,8.73,8.6,8.88,8.6,34.67K,-3.54%
06/20/2022,9.05,9.0,9.15,8.96,63.44K,0.22%
06/19/2022,9.03,9.4,9.4,9.0,39.66K,-3.53%
06/16/2022,9.36,9.4,9.4,9.1,19.36K,0.00%
06/15/2022,9.36,9.3,9.59,9.15,51.51K,-0.95%
06/14/2022,9.45,9.29,9.3,9.15,13.43K,0.00%
06/13/2022,9.45,9.45,9.45,9.35,10.50K,0.00%
06/12/2022,9.45,9.45,9.6,9.42,57.99K,-0.63%
06/09/2022,9.51,9.4,9.7,9.4,261.10K,1.71%
06/08/2022,9.35,9.09,9.47,9.09,190.96K,3.77%
06/07/2022,9.01,9.0,9.19,8.66,28.25K,0.00%
06/06/2022,9.01,9.05,9.38,9.0,132.72K,-0.44%
06/05/2022,9.05,8.7,9.2,8.7,123.94K,6.60%
06/02/2022,8.49,8.32,8.7,8.32,6.51K,0.00%
06/01/2022,8.49,9.0,9.0,8.32,28.76K,0.00%
05/31/2022,8.49,8.01,9.0,8.0,82.80K,-1.28%
05/30/2022,8.6,8.0,8.09,7.91,20.03K,0.00%
05/29/2022,8.6,8.1,8.1,8.0,9.78K,0.00%
05/26/2022,8.6,8.25,8.48,8.1,18.16K,0.00%
05/25/2022,8.6,8.4,8.4,8.26,19.30K,0.00%
05/24/2022,8.6,8.55,9.4,8.3,21.70K,0.00%
05/23/2022,8.6,8.7,8.77,8.65,3.10K,0.00%
05/22/2022,8.6,8.45,8.89,8.45,4.80K,0.00%
05/19/2022,8.6,8.85,8.85,8.2,43.20K,-4.44%
05/18/2022,9.0,8.91,8.99,8.85,3.16K,0.00%
05/17/2022,9.0,8.98,9.0,8.75,10.79K,0.00%
05/16/2022,9.0,8.55,8.9,8.55,15.37K,0.00%
05/15/2022,9.0,9.0,9.0,8.51,28.20K,0.00%
05/12/2022,9.0,9.06,9.1,8.9,46.11K,-3.33%
05/11/2022,9.31,9.2,9.2,9.1,21.77K,0.00%
05/10/2022,9.31,9.1,9.3,9.0,30.04K,0.00%
05/09/2022,9.31,9.5,9.5,9.2,58.30K,-2.00%
05/08/2022,9.5,9.55,9.89,9.25,44.91K,-0.21%
04/28/2022,9.52,9.6,9.7,9.5,137.38K,-0.10%
04/27/2022,9.53,9.12,9.6,9.12,304.88K,4.27%
04/26/2022,9.14,9.33,9.33,9.01,63.06K,-0.76%
04/21/2022,9.21,9.5,9.69,9.0,400.08K,-2.95%
04/20/2022,9.49,9.6,9.6,9.5,19.48K,0.00%
04/19/2022,9.49,9.65,9.91,9.45,47.91K,2.48%
04/18/2022,9.26,9.25,9.29,9.1,21.00K,0.00%
04/17/2022,9.26,9.43,9.49,9.05,146.29K,-1.80%
04/14/2022,9.43,9.7,9.7,9.31,94.52K,-2.98%
04/13/2022,9.72,9.87,9.98,9.72,79.67K,-2.51%
04/12/2022,9.97,9.89,10.1,9.84,159.97K,1.73%
04/11/2022,9.8,9.65,10.23,9.26,741.28K,2.51%
04/10/2022,9.56,9.5,9.7,9.31,122.62K,-1.14%
04/07/2022,9.67,9.8,9.8,9.51,41.70K,-1.53%
04/06/2022,9.82,10.1,10.15,9.8,137.69K,-2.87%
04/05/2022,10.11,10.35,10.37,9.56,456.59K,0.10%
04/04/2022,10.1,10.19,10.5,9.49,2.01M,15.43%
04/03/2022,8.75,8.81,8.99,8.41,87.45K,-2.02%
03/31/2022,8.93,8.51,9.05,8.43,724.19K,5.31%
03/30/2022,8.48,8.35,8.6,8.1,258.38K,4.82%
03/29/2022,8.09,7.8,8.18,7.55,207.68K,7.72%
03/28/2022,7.51,8.0,8.0,7.4,188.16K,-4.82%
03/27/2022,7.89,8.18,8.18,7.85,63.00K,-3.55%
03/24/2022,8.18,8.4,8.41,8.13,65.24K,-2.04%
03/23/2022,8.35,8.5,8.62,8.25,27.11K,0.00%
03/22/2022,8.35,8.47,8.97,8.18,347.64K,-0.83%
03/21/2022,8.42,8.2,8.48,8.1,275.72K,3.95%
03/20/2022,8.1,8.0,8.17,7.87,116.40K,2.66%
03/17/2022,7.89,7.89,8.11,7.83,289.78K,1.15%
03/16/2022,7.8,7.75,7.9,7.55,223.08K,2.63%
03/15/2022,7.6,7.75,7.79,7.58,93.81K,-2.06%
03/14/2022,7.76,7.65,8.0,7.6,201.29K,0.91%
03/13/2022,7.69,8.0,8.0,7.6,272.67K,-3.03%
03/10/2022,7.93,7.7,8.0,7.69,194.50K,3.12%
03/09/2022,7.69,7.95,7.95,7.55,361.65K,-1.03%
03/08/2022,7.77,8.73,8.73,7.6,706.42K,-8.80%
03/07/2022,8.52,8.7,8.75,8.4,306.52K,-2.07%
03/06/2022,8.7,8.99,8.99,8.5,245.43K,-3.33%
03/03/2022,9.0,9.0,9.07,8.95,230.00K,0.11%
03/02/2022,8.99,9.1,9.36,8.93,290.73K,-3.02%
03/01/2022,9.27,9.14,9.35,9.02,85.77K,2.89%
02/28/2022,9.01,9.16,9.36,9.0,160.91K,-3.12%
02/27/2022,9.3,9.38,9.46,9.23,71.13K,2.54%
02/24/2022,9.07,9.47,9.47,9.0,164.93K,-8.01%
02/23/2022,9.86,9.4,9.99,9.4,206.21K,5.01%
02/22/2022,9.39,9.31,9.65,9.3,42.13K,-3.10%
02/21/2022,9.69,9.73,9.8,9.3,144.87K,1.68%
02/20/2022,9.53,9.85,9.85,9.42,74.02K,-3.25%
02/17/2022,9.85,9.9,9.95,9.8,74.52K,0.20%
02/16/2022,9.83,9.9,10.0,9.8,168.55K,0.41%
02/15/2022,9.79,9.71,9.9,9.71,122.94K,0.41%
02/14/2022,9.75,10.0,10.0,9.71,75.69K,-2.50%
02/13/2022,10.0,10.32,10.32,9.86,510.43K,-3.01%
02/10/2022,10.31,10.48,10.48,10.25,128.07K,0.00%
02/09/2022,10.31,10.44,10.67,10.27,319.24K,-1.06%
02/08/2022,10.42,10.47,10.58,10.33,304.35K,0.39%
02/07/2022,10.38,10.8,10.8,10.3,573.44K,-1.52%
02/06/2022,10.54,10.6,10.68,10.49,93.59K,-0.28%
02/03/2022,10.57,10.94,10.94,10.53,167.16K,-3.38%
02/02/2022,10.94,10.98,11.1,10.71,383.40K,1.48%
02/01/2022,10.78,10.42,11.0,10.42,203.14K,1.13%
01/31/2022,10.66,10.8,10.8,10.38,110.41K,2.40%
01/30/2022,10.41,10.7,10.74,10.4,57.98K,-1.79%
01/26/2022,10.6,11.04,11.04,10.5,404.01K,-3.37%
01/25/2022,10.97,10.72,11.18,10.72,164.32K,1.57%
01/24/2022,10.8,11.06,11.1,10.63,210.85K,-2.35%
01/23/2022,11.06,11.11,11.24,11.0,149.07K,-0.90%
01/20/2022,11.16,11.4,11.55,11.1,420.21K,-2.62%
01/19/2022,11.46,11.77,11.85,11.21,298.55K,-2.63%
01/18/2022,11.77,11.53,11.85,11.45,383.08K,1.55%
01/17/2022,11.59,11.21,11.61,11.05,715.52K,3.21%
01/16/2022,11.23,11.4,11.4,11.02,161.08K,-0.62%
01/13/2022,11.3,11.05,11.39,11.05,454.19K,0.98%
01/12/2022,11.19,11.66,11.74,11.11,634.96K,-2.44%
01/11/2022,11.47,11.79,11.9,11.4,941.48K,-2.22%
01/10/2022,11.73,11.28,11.9,11.24,1.89M,5.11%
01/09/2022,11.16,11.45,11.45,11.0,595.50K,-0.80%
01/05/2022,11.25,11.68,11.89,11.25,1.72M,-2.26%
01/04/2022,11.51,10.5,11.6,10.4,4.44M,9.93%
01/03/2022,10.47,10.25,10.5,10.25,948.54K,3.15%
01/02/2022,10.15,10.17,10.25,10.0,620.98K,1.50%
12/30/2021,10.0,10.54,10.73,9.93,1.79M,-4.31%
12/29/2021,10.45,10.5,10.75,10.31,412.36K,0.87%
12/28/2021,10.36,10.37,10.58,10.24,116.63K,2.37%
12/27/2021,10.12,10.4,10.6,10.1,196.06K,-0.39%
12/26/2021,10.16,10.5,10.56,10.01,40.13K,-1.55%
12/23/2021,10.32,10.25,10.64,10.25,421.89K,3.10%
12/22/2021,10.01,10.14,10.2,10.01,20.15K,0.00%
12/21/2021,10.01,10.1,10.18,10.01,11.42K,0.00%
12/20/2021,10.01,9.85,10.15,9.82,509.21K,-1.28%
12/19/2021,10.14,10.4,10.5,10.0,177.99K,-1.46%
12/16/2021,10.29,10.52,10.52,10.15,139.47K,-2.19%
12/15/2021,10.52,10.51,10.69,10.5,39.06K,0.00%
12/14/2021,10.52,10.71,10.8,10.5,51.40K,-2.14%
12/13/2021,10.75,11.0,11.0,10.69,175.93K,-0.74%
12/12/2021,10.83,10.61,11.14,10.61,7.67K,0.00%
12/09/2021,10.83,10.7,10.8,10.61,23.86K,0.00%
12/08/2021,10.83,10.9,11.1,10.75,29.40K,-0.46%
12/07/2021,10.88,11.3,11.44,10.77,133.17K,-0.46%
12/06/2021,10.93,11.1,11.1,10.8,23.25K,0.00%
12/05/2021,10.93,10.86,11.38,10.86,104.91K,-0.46%
12/02/2021,10.98,11.0,11.39,10.9,1.03M,-1.52%
12/01/2021,11.15,11.05,11.25,11.0,25.34K,0.00%
11/30/2021,11.15,11.0,11.24,11.0,0.91K,0.00%
11/29/2021,11.15,11.0,11.2,10.75,9.12K,0.00%
11/28/2021,11.15,10.8,11.25,10.8,3.17K,0.00%
11/25/2021,11.15,11.35,11.4,11.0,10.45K,0.00%
11/24/2021,11.15,11.0,11.24,10.96,11.11K,0.00%
11/23/2021,11.15,10.82,11.05,10.82,3.17K,0.00%
11/22/2021,11.15,10.75,11.09,10.75,6.65K,0.00%
11/21/2021,11.15,11.0,11.11,10.75,10.35K,0.00%
11/18/2021,11.15,11.0,11.3,10.95,5.55K,0.00%
11/17/2021,11.15,11.4,11.4,11.0,10.56K,0.00%
11/16/2021,11.15,10.73,11.5,10.73,62.80K,-4.13%
11/15/2021,11.63,11.5,11.5,11.07,16.16K,0.00%
11/14/2021,11.63,11.4,11.5,11.4,2.71K,0.00%
11/11/2021,11.63,11.7,11.85,11.55,20.77K,0.00%
11/10/2021,11.63,11.79,11.8,11.21,8.42K,0.00%
11/09/2021,11.63,11.95,11.95,11.3,7.75K,0.00%
11/08/2021,11.63,11.64,11.8,11.19,51.81K,3.93%
11/07/2021,11.19,11.25,11.4,11.25,7.36K,0.00%
11/04/2021,11.19,11.2,11.37,11.15,46.63K,0.36%
11/03/2021,11.15,11.76,12.13,11.0,214.43K,-6.69%
11/02/2021,11.95,11.5,12.15,11.5,69.00K,3.11%
11/01/2021,11.59,11.98,11.98,11.31,57.48K,0.09%
10/31/2021,11.58,12.2,12.33,11.5,71.15K,-2.61%
10/28/2021,11.89,12.01,12.29,12.0,19.61K,0.00%
10/27/2021,11.89,11.71,12.01,11.71,500.45K,-0.92%
10/26/2021,12.0,12.0,12.38,12.0,76.81K,1.01%
10/25/2021,11.88,12.89,12.9,11.7,389.89K,-7.76%
10/24/2021,12.88,12.64,13.2,12.1,272.70K,4.89%
10/20/2021,12.28,12.02,12.39,11.15,104.35K,1.91%
10/19/2021,12.05,12.46,12.48,12.04,106.58K,-3.14%
10/18/2021,12.44,12.55,12.55,12.4,83.27K,0.48%
10/17/2021,12.38,12.58,12.8,12.11,87.23K,-0.96%
10/14/2021,12.5,12.44,12.6,12.4,75.70K,2.46%
10/13/2021,12.2,12.15,12.2,12.0,91.90K,0.08%
10/12/2021,12.19,12.3,12.47,12.0,134.55K,-1.30%
10/11/2021,12.35,12.3,12.5,12.29,41.37K,1.06%
10/10/2021,12.22,12.26,12.3,12.07,58.53K,-2.00%
10/06/2021,12.47,12.23,13.0,12.22,352.21K,0.40%
10/05/2021,12.42,12.33,12.5,12.2,21.38K,0.00%
10/04/2021,12.42,12.83,12.83,12.3,3.47K,0.00%
10/03/2021,12.42,12.95,12.95,12.2,12.63K,0.00%
09/30/2021,12.42,12.25,12.6,12.08,22.36K,0.00%
09/29/2021,12.42,12.13,12.88,12.13,11.81K,0.00%
09/28/2021,12.42,12.02,12.65,12.0,74.46K,-5.48%
09/27/2021,13.14,13.3,13.32,11.0,81.31K,-1.28%
09/26/2021,13.31,13.35,13.5,13.3,12.52K,0.00%
09/23/2021,13.31,13.07,13.4,13.05,12.66K,0.00%
09/22/2021,13.31,13.33,13.39,13.06,23.11K,2.23%
09/21/2021,13.02,13.01,13.26,12.5,110.71K,-2.11%
09/20/2021,13.3,13.25,13.31,13.11,98.42K,-0.30%
09/19/2021,13.34,13.4,13.5,13.27,46.71K,-1.98%
09/16/2021,13.61,13.8,14.2,13.5,788.38K,0.96%
09/15/2021,13.48,13.63,14.28,13.26,385.39K,-1.68%
09/14/2021,13.71,13.69,13.89,13.26,85.58K,2.24%
09/13/2021,13.41,13.68,13.8,13.34,66.84K,-1.03%
09/12/2021,13.55,13.38,13.79,13.38,20.27K,1.50%
09/09/2021,13.35,13.25,13.5,13.25,36.58K,-2.13%
09/08/2021,13.64,13.34,14.07,13.34,248.05K,1.04%
09/07/2021,13.5,13.2,13.63,13.12,80.42K,1.89%
09/06/2021,13.25,13.36,13.78,12.95,103.42K,-1.78%
09/05/2021,13.49,13.9,14.0,13.43,51.42K,-3.78%
09/02/2021,14.02,14.18,14.18,13.85,38.95K,0.07%
09/01/2021,14.01,14.35,14.35,13.85,70.09K,2.56%
08/31/2021,13.66,13.95,13.95,13.61,10.29K,-1.94%
08/30/2021,13.93,14.19,14.2,13.5,119.19K,-0.14%
08/29/2021,13.95,14.25,14.25,13.82,64.24K,-1.34%
08/26/2021,14.14,14.48,14.61,13.85,279.06K,-2.15%
08/25/2021,14.45,14.48,14.72,14.14,461.54K,2.92%
08/24/2021,14.04,13.5,14.64,13.47,447.20K,2.86%
08/23/2021,13.65,13.5,13.86,13.4,154.12K,2.25%
08/22/2021,13.35,13.3,13.5,13.23,22.52K,0.07%
08/19/2021,13.34,13.54,13.63,13.25,59.70K,-1.33%
08/18/2021,13.52,13.74,13.77,13.34,85.91K,-0.07%
08/17/2021,13.53,13.4,13.8,13.25,82.19K,-1.31%
08/16/2021,13.71,13.48,14.1,13.39,393.74K,2.85%
08/15/2021,13.33,13.4,13.6,13.12,100.12K,0.23%
08/11/2021,13.3,13.11,13.69,13.07,89.55K,0.38%
08/10/2021,13.25,13.1,13.56,12.99,130.58K,-3.50%
08/09/2021,13.73,14.2,14.21,13.13,370.92K,-0.36%
08/08/2021,13.78,13.2,14.21,13.0,772.08K,6.66%
08/05/2021,12.92,12.75,13.2,12.66,113.43K,-0.54%
08/04/2021,12.99,12.69,13.5,12.69,310.39K,4.59%
08/03/2021,12.42,12.6,13.0,12.0,200.11K,-5.05%
08/02/2021,13.08,13.06,13.6,12.7,383.15K,-0.53%
08/01/2021,13.15,13.06,13.4,13.06,59.78K,-1.20%
07/29/2021,13.31,13.5,13.55,13.12,217.99K,-1.04%
07/28/2021,13.45,13.43,13.7,13.04,165.32K,2.13%
07/27/2021,13.17,12.8,13.59,12.66,399.93K,3.54%
07/26/2021,12.72,12.71,12.8,12.56,42.40K,-1.40%
07/25/2021,12.9,12.88,13.0,12.6,43.21K,3.12%
07/18/2021,12.51,12.89,12.89,12.3,121.15K,1.05%
07/15/2021,12.38,12.31,12.63,12.3,80.47K,-0.96%
07/14/2021,12.5,12.95,12.97,12.3,163.82K,-0.87%
07/13/2021,12.61,12.38,12.9,12.38,151.05K,3.53%
07/12/2021,12.18,12.12,12.4,12.0,57.76K,0.50%
07/11/2021,12.12,12.32,12.35,12.0,107.70K,-2.42%
07/08/2021,12.42,12.67,12.7,12.25,111.00K,-3.12%
07/07/2021,12.82,13.2,13.2,12.52,130.02K,-1.23%
07/06/2021,12.98,13.2,13.2,12.73,198.30K,-2.84%
07/05/2021,13.36,13.41,13.57,13.2,89.45K,-1.62%
07/04/2021,13.58,13.85,13.94,13.4,96.92K,-2.37%
06/30/2021,13.91,13.89,14.05,13.5,555.11K,0.51%
06/29/2021,13.84,13.5,13.99,13.5,293.12K,2.29%
06/28/2021,13.53,13.71,13.8,13.26,80.86K,-2.24%
06/27/2021,13.84,13.97,14.0,13.69,94.22K,-0.43%
06/24/2021,13.9,13.79,14.0,13.55,222.47K,1.98%
06/23/2021,13.63,13.7,13.9,13.5,106.26K,-0.37%
06/22/2021,13.68,13.56,13.94,13.51,110.86K,-2.15%
06/21/2021,13.98,13.88,14.28,13.62,257.65K,4.02%
06/20/2021,13.44,13.3,13.85,12.97,317.59K,1.20%
06/17/2021,13.28,13.68,13.8,12.92,436.11K,-4.05%
06/16/2021,13.84,14.07,14.48,13.3,1.05M,-1.70%
06/15/2021,14.08,14.09,14.75,13.45,251.69K,1.00%
06/14/2021,13.94,13.99,14.27,13.67,138.73K,-4.06%
06/13/2021,14.53,15.44,15.49,13.72,421.27K,3.12%
06/10/2021,14.09,13.4,14.56,13.15,595.02K,6.42%
06/09/2021,13.24,13.0,13.5,13.0,155.31K,0.84%
06/08/2021,13.13,13.67,13.67,12.95,90.15K,-1.65%
06/07/2021,13.35,13.69,13.7,13.28,78.63K,-0.60%
06/06/2021,13.43,13.8,13.8,13.21,67.41K,1.51%
06/03/2021,13.23,13.0,14.0,12.9,218.91K,-2.43%
06/02/2021,13.56,13.77,14.0,13.08,86.76K,-1.02%
06/01/2021,13.7,14.25,14.25,13.5,114.05K,-3.59%
05/31/2021,14.21,14.7,14.7,14.0,156.74K,1.36%
05/30/2021,14.02,13.9,14.69,13.9,2.03M,0.43%
05/27/2021,13.96,14.54,14.54,13.78,91.50K,-2.85%
05/26/2021,14.37,14.48,14.8,14.04,254.41K,2.42%
05/25/2021,14.03,14.19,14.29,13.05,88.15K,-9.43%
05/24/2021,15.49,15.98,15.98,14.8,12.71M,-1.53%
05/23/2021,15.73,15.99,16.18,15.4,177.07K,0.13%
05/20/2021,15.71,15.2,16.79,15.2,261.20K,2.68%
05/19/2021,15.3,14.99,15.79,14.7,537.81K,4.51%
05/18/2021,14.64,14.59,14.9,14.45,207.26K,-0.41%
05/17/2021,14.7,14.98,15.49,14.36,277.10K,0.55%
05/11/2021,14.62,14.32,14.81,14.32,348.46K,4.50%
05/10/2021,13.99,13.5,14.62,13.4,517.12K,4.01%
05/09/2021,13.45,13.32,13.87,13.25,141.60K,1.43%
05/06/2021,13.26,13.2,13.5,12.85,169.21K,0.61%
05/05/2021,13.18,13.2,13.2,13.12,77.44K,-0.38%
05/04/2021,13.23,13.38,13.43,13.12,274.58K,-1.12%
04/28/2021,13.38,13.9,13.9,13.32,27.04K,-0.82%
04/27/2021,13.49,13.66,13.66,13.34,49.17K,-0.95%
04/26/2021,13.62,14.3,14.3,13.46,39.50K,-3.20%
04/25/2021,14.07,13.35,14.3,13.16,202.74K,4.77%
04/22/2021,13.43,13.25,13.57,13.25,16.04K,1.59%
04/21/2021,13.22,13.4,13.65,12.85,134.58K,-1.64%
04/20/2021,13.44,13.5,13.57,13.22,31.82K,3.38%
04/19/2021,13.0,13.07,13.39,12.9,131.62K,-0.46%
04/18/2021,13.06,12.94,13.28,12.94,38.96K,4.90%
04/15/2021,12.45,12.6,12.6,12.3,23.12K,-0.80%
04/14/2021,12.55,12.88,12.9,12.35,60.76K,-3.91%
04/13/2021,13.06,13.5,13.5,13.0,53.35K,-4.74%
04/12/2021,13.71,14.0,14.01,13.44,64.29K,-1.15%
04/11/2021,13.87,13.58,14.0,13.57,176.00K,4.52%
04/08/2021,13.27,13.25,13.9,13.0,53.25K,1.22%
04/07/2021,13.11,13.1,13.22,13.0,29.14K,-0.76%
04/06/2021,13.21,13.04,13.59,13.0,91.90K,-0.30%
04/05/2021,13.25,13.56,13.7,13.0,134.26K,-5.36%
04/04/2021,14.0,14.88,14.88,13.56,53.09K,-3.51%
04/01/2021,14.51,14.4,14.79,14.3,116.14K,-1.23%
03/31/2021,14.69,14.29,15.0,14.0,322.03K,4.56%
03/30/2021,14.05,14.15,14.4,13.72,151.67K,0.07%
03/29/2021,14.04,14.28,14.35,13.86,124.24K,0.00%
03/28/2021,14.04,14.0,14.34,13.95,234.62K,3.85%
03/25/2021,13.52,13.05,14.0,12.77,129.32K,2.58%
03/24/2021,13.18,13.39,13.39,13.09,128.89K,4.11%
03/23/2021,12.66,13.1,13.98,12.05,215.78K,-4.16%
03/22/2021,13.21,14.38,14.38,12.76,333.04K,-6.71%
03/21/2021,14.16,14.61,15.15,13.5,247.28K,-4.19%
03/18/2021,14.78,14.55,15.1,14.49,144.72K,-0.61%
03/17/2021,14.87,14.85,15.5,14.5,173.52K,1.29%
03/16/2021,14.68,14.3,15.18,13.95,226.23K,2.66%
03/15/2021,14.3,15.2,15.24,13.97,219.18K,-4.79%
03/14/2021,15.02,15.34,15.37,14.8,196.36K,-2.59%
03/11/2021,15.42,16.1,16.4,14.9,879.64K,-5.92%
03/10/2021,16.39,15.84,17.0,15.38,1.57M,2.31%
03/09/2021,16.02,15.87,16.3,15.78,776.11K,0.95%
03/08/2021,15.87,16.35,17.0,15.21,1.20M,-1.24%
03/07/2021,16.07,15.0,16.31,15.0,1.05M,8.36%
03/04/2021,14.83,15.39,15.46,14.25,344.69K,2.13%
03/03/2021,14.52,14.6,14.98,14.03,532.82K,1.54%
03/02/2021,14.3,14.61,14.96,13.76,2.13M,-5.24%
03/01/2021,15.09,15.85,16.15,14.55,2.74M,-6.62%
02/28/2021,16.16,15.71,16.71,15.26,422.08K,-2.47%
02/25/2021,16.57,17.39,17.39,15.8,905.33K,-3.77%
02/24/2021,17.22,18.68,18.68,16.75,2.80M,1.35%
02/23/2021,16.99,16.66,17.18,16.03,3.36M,8.77%
02/22/2021,15.62,14.8,16.21,14.4,1.14M,5.97%
02/21/2021,14.74,15.49,15.49,14.35,251.92K,-0.94%
02/18/2021,14.88,15.14,15.15,14.5,622.24K,-5.94%
02/17/2021,15.82,16.27,17.4,14.66,2.52M,2.99%
02/16/2021,15.36,15.36,15.36,15.36,1.17M,9.95%
02/15/2021,13.97,13.49,14.74,13.01,1.51M,4.25%
02/14/2021,13.4,13.0,13.77,13.0,292.95K,2.92%
02/11/2021,13.02,12.9,13.29,12.9,11.00K,0.93%
02/10/2021,12.9,12.92,12.92,12.85,35.31K,-0.39%
02/09/2021,12.95,12.91,13.0,12.85,89.88K,0.15%
02/08/2021,12.93,13.07,13.39,12.7,102.12K,0.47%
02/07/2021,12.87,12.31,13.38,12.31,1.13M,0.08%
02/04/2021,12.86,12.71,12.9,12.51,1.50M,-0.08%
02/03/2021,12.87,12.51,12.9,12.51,417.04K,-0.31%
02/02/2021,12.91,12.37,13.0,12.37,366.24K,1.02%
02/01/2021,12.78,12.5,13.0,12.35,713.48K,6.68%
01/31/2021,11.98,11.5,12.5,11.49,234.46K,3.81%
01/27/2021,11.54,11.77,11.84,11.5,37.38K,1.23%
01/26/2021,11.4,11.4,11.4,11.4,1.00K,0.00%
01/25/2021,11.4,11.4,11.4,11.4,1.36K,0.00%
01/24/2021,11.4,11.4,11.5,10.41,13.20K,-0.70%
01/21/2021,11.48,11.43,11.43,11.43,1.45K,0.00%
01/20/2021,11.48,11.51,11.51,11.5,2.38K,0.00%
01/19/2021,11.48,11.5,11.5,11.42,10.25K,-0.17%
01/18/2021,11.5,11.55,11.55,11.42,9.00K,-3.77%
01/17/2021,11.95,11.93,11.95,11.93,9.03K,3.11%
01/14/2021,11.59,11.5,11.9,11.5,9.10K,0.61%
01/13/2021,11.52,11.5,11.5,11.4,7.46K,0.00%
01/12/2021,11.52,11.31,11.36,11.3,2.08K,0.00%
01/11/2021,11.52,11.61,11.61,11.4,56.04K,-1.54%
01/10/2021,11.7,11.55,12.03,11.5,143.52K,-0.34%
01/06/2021,11.74,11.89,12.0,11.5,105.10K,0.95%
01/05/2021,11.63,11.95,12.0,11.21,44.10K,0.17%
01/04/2021,11.61,11.0,12.04,10.99,188.48K,6.03%
01/03/2021,10.95,10.63,11.28,10.61,0.37K,0.00%
12/31/2020,10.95,10.74,11.1,10.5,61.18K,4.19%
12/30/2020,10.51,10.9,10.9,10.26,44.65K,-1.96%
12/29/2020,10.72,10.4,11.3,10.05,57.19K,-3.42%
12/28/2020,11.1,10.71,10.71,10.4,9.39K,0.00%
12/27/2020,11.1,11.0,11.55,10.85,29.60K,3.16%
12/24/2020,10.76,10.76,11.0,10.76,1.50K,0.00%
12/23/2020,10.76,11.0,11.0,10.95,4.47K,0.00%
12/22/2020,10.76,10.78,10.95,10.72,20.78K,2.18%
12/21/2020,10.53,10.65,11.45,10.01,5.01K,0.00%
12/20/2020,10.53,10.7,10.7,10.7,0.60K,0.00%
12/17/2020,10.53,10.11,10.78,10.11,26.57K,-1.03%
12/15/2020,10.64,10.6,10.6,10.55,5.70K,0.00%
12/14/2020,10.64,10.63,10.63,10.62,2.75K,0.00%
12/13/2020,10.64,11.0,11.0,10.55,49.12K,-4.23%
12/10/2020,11.11,11.0,11.45,11.0,43.22K,-0.45%
12/09/2020,11.16,11.45,11.45,11.15,11.53K,1.09%
12/08/2020,11.04,11.35,11.5,11.35,4.64K,0.00%
12/07/2020,11.04,11.38,11.5,11.06,8.60K,0.00%
12/06/2020,11.04,11.0,11.0,11.0,1.00K,0.00%
12/03/2020,11.04,10.7,11.38,10.6,4.62K,0.00%
12/02/2020,11.04,10.8,10.95,10.72,3.56K,0.00%
12/01/2020,11.04,11.28,11.28,10.81,62.54K,-0.81%
11/30/2020,11.13,11.39,11.44,11.12,1.55K,0.00%
11/29/2020,11.13,11.11,11.4,11.11,5.89K,0.00%
11/25/2020,11.13,11.17,11.17,11.1,9.48K,-1.07%
11/24/2020,11.25,11.06,11.5,11.0,14.17K,-0.44%
11/23/2020,11.3,11.4,11.41,11.0,34.84K,-1.14%
11/22/2020,11.43,11.41,11.5,11.4,10.75K,-1.89%
11/19/2020,11.65,11.9,11.9,11.9,0.00K,0.00%
11/18/2020,11.65,11.51,11.99,11.5,24.40K,1.22%
11/17/2020,11.51,11.51,11.53,11.4,23.07K,0.09%
11/16/2020,11.5,11.5,11.7,11.41,43.52K,0.00%
11/15/2020,11.5,11.5,11.5,11.25,42.89K,-1.54%
11/12/2020,11.68,11.5,11.85,11.5,65.95K,1.48%
11/11/2020,11.51,11.3,11.7,11.3,3.34K,0.70%
11/10/2020,11.43,11.97,11.97,11.3,167.68K,2.97%
11/09/2020,11.1,11.0,11.3,11.0,282.47K,-0.98%
11/08/2020,11.21,11.29,11.29,11.0,38.43K,1.63%
11/05/2020,11.03,11.12,11.12,10.81,58.50K,-2.30%
11/04/2020,11.29,11.02,11.55,11.0,156.23K,3.67%
11/03/2020,10.89,11.49,11.49,11.49,0.30K,0.00%
11/02/2020,10.89,11.0,11.01,10.8,34.54K,-7.71%
11/01/2020,11.8,11.99,12.0,11.0,77.12K,-1.50%
10/28/2020,11.98,11.5,12.0,11.5,58.30K,1.53%
10/27/2020,11.8,11.5,12.0,11.5,15.63K,5.73%
10/26/2020,11.16,11.5,11.5,11.0,6.58K,4.01%
10/25/2020,10.73,10.8,11.75,10.4,3.36K,-4.28%
10/22/2020,11.21,11.25,11.69,11.05,34.22K,-1.84%
10/21/2020,11.42,11.5,11.52,11.25,50.50K,-4.27%
10/20/2020,11.93,11.89,12.38,11.52,72.50K,3.11%
10/19/2020,11.57,12.0,12.0,11.35,9.61K,-4.22%
10/18/2020,12.08,11.01,12.0,11.01,1.20K,0.00%
10/15/2020,12.08,11.99,12.94,11.91,61.18K,0.75%
10/14/2020,11.99,12.26,12.49,11.81,36.02K,-6.77%
10/13/2020,12.86,12.3,12.3,12.02,1.66K,0.00%
10/12/2020,12.86,13.0,13.49,12.4,97.05K,-3.81%
10/11/2020,13.37,13.8,13.8,13.0,236.72K,3.64%
10/07/2020,12.9,12.13,12.9,12.13,526.88K,9.97%
10/06/2020,11.73,10.5,12.21,10.5,552.48K,5.68%
10/05/2020,11.1,10.69,11.4,10.36,240.00K,3.74%
10/04/2020,10.7,10.71,10.75,10.44,6.82K,0.47%
10/01/2020,10.65,10.0,10.93,10.0,94.11K,7.14%
09/30/2020,9.94,9.94,10.0,9.8,22.34K,-0.50%
09/29/2020,9.99,9.94,10.08,9.93,22.86K,-0.40%
09/28/2020,10.03,10.1,10.16,9.83,108.22K,-2.90%
09/27/2020,10.33,10.65,10.65,10.05,68.43K,-2.64%
09/24/2020,10.61,10.66,10.66,10.35,59.78K,-0.47%
09/23/2020,10.66,10.96,11.0,10.32,33.95K,-2.74%
09/22/2020,10.96,11.04,11.07,10.6,7.10K,-0.54%
09/21/2020,11.02,11.37,11.6,10.5,110.78K,-2.04%
09/20/2020,11.25,10.98,11.25,10.98,3.21M,6.74%
09/17/2020,10.54,10.52,10.7,10.47,47.67K,-4.36%
09/16/2020,11.02,10.9,11.2,10.8,82.12K,0.82%
09/15/2020,10.93,10.65,11.05,10.65,96.62K,3.31%
09/14/2020,10.58,10.4,10.89,10.22,28.70K,2.42%
09/13/2020,10.33,10.89,10.89,10.15,180.58K,-6.77%
09/10/2020,11.08,11.49,11.54,10.95,80.84K,1.00%
09/09/2020,10.97,10.8,11.3,10.8,30.14K,-0.72%
09/08/2020,11.05,11.02,11.25,11.0,208.10K,-4.08%
09/07/2020,11.52,11.51,12.18,11.0,353.46K,0.26%
09/06/2020,11.49,11.01,12.0,10.8,256.50K,3.70%
09/03/2020,11.08,10.97,11.45,10.97,680.19K,3.26%
09/02/2020,10.73,10.39,11.05,10.39,306.81K,5.09%
09/01/2020,10.21,10.1,10.47,9.9,168.76K,0.79%
08/31/2020,10.13,10.5,10.6,9.89,311.13K,-7.74%
08/30/2020,10.98,11.0,11.0,10.66,47.65K,-1.08%
08/27/2020,11.1,10.71,11.5,10.01,165.26K,4.62%
08/26/2020,10.61,11.02,11.04,9.75,1.46M,5.68%
08/25/2020,10.04,9.54,10.05,9.54,370.61K,9.85%
08/24/2020,9.14,8.3,9.4,8.3,1.18M,6.90%
08/23/2020,8.55,8.79,8.8,8.29,506.34K,6.88%
08/19/2020,8.0,7.95,8.0,7.95,256.42K,9.89%
08/18/2020,7.28,6.8,7.53,6.8,610.82K,6.28%
08/17/2020,6.85,6.95,7.0,6.8,231.47K,-2.28%
08/16/2020,7.01,7.21,7.21,7.0,92.67K,2.04%
08/13/2020,6.87,6.99,7.05,6.7,419.37K,-1.86%
08/12/2020,7.0,6.9,7.22,6.61,721.90K,6.54%
08/11/2020,6.57,6.3,6.82,6.2,600.43K,5.97%
08/10/2020,6.2,6.17,6.34,6.1,178.48K,3.16%
08/09/2020,6.01,5.94,6.15,5.9,102.84K,2.56%
08/06/2020,5.86,5.95,6.1,5.75,573.25K,-2.33%
08/05/2020,6.0,5.88,6.1,5.8,1.59M,3.99%
08/04/2020,5.77,5.88,5.9,5.7,39.71K,3.96%
07/29/2020,5.55,5.6,5.6,5.51,99.31K,-0.18%
07/28/2020,5.56,5.6,5.6,5.4,60.14K,0.54%
07/27/2020,5.53,5.52,5.65,5.5,255.12K,0.18%
07/26/2020,5.52,5.4,5.61,5.4,50.78K,1.47%
07/22/2020,5.44,5.5,5.51,5.4,115.88K,-1.09%
07/21/2020,5.5,5.5,5.55,5.41,25.60K,0.55%
07/20/2020,5.47,5.4,5.5,5.32,31.44K,1.30%
07/19/2020,5.4,5.41,5.45,5.34,44.00K,1.31%
07/16/2020,5.33,5.24,5.55,5.24,48.75K,-2.38%
07/15/2020,5.46,5.79,5.8,5.22,168.66K,-4.71%
07/14/2020,5.73,6.07,6.14,5.4,56.75K,-4.02%
07/13/2020,5.97,6.03,6.13,5.84,119.40K,-1.97%
07/12/2020,6.09,6.1,6.2,5.92,125.75K,1.16%
07/09/2020,6.02,6.22,6.3,5.8,505.04K,-4.44%
07/08/2020,6.3,6.17,6.4,6.12,476.81K,3.11%
07/07/2020,6.11,6.0,6.25,5.99,363.09K,1.33%
07/06/2020,6.03,5.98,6.15,5.95,119.87K,3.08%
07/05/2020,5.85,5.84,6.0,5.77,128.18K,3.91%
06/30/2020,5.63,5.7,5.7,5.57,74.55K,-1.92%
06/29/2020,5.74,5.95,5.95,5.6,35.51K,-3.04%
06/28/2020,5.92,5.97,5.98,5.84,107.80K,-4.36%
06/25/2020,6.19,6.21,6.33,6.1,696.96K,0.16%
06/24/2020,6.18,6.11,6.32,6.1,450.57K,1.31%
06/23/2020,6.1,6.1,6.2,6.0,263.10K,-0.16%
06/22/2020,6.11,6.18,6.2,6.0,163.78K,-1.77%
06/21/2020,6.22,6.25,6.26,6.18,187.08K,0.00%
06/18/2020,6.22,6.31,6.35,6.17,183.23K,-1.27%
06/17/2020,6.3,6.29,6.3,6.29,413.18K,0.64%
06/16/2020,6.26,6.3,6.34,6.23,349.55K,0.16%
06/15/2020,6.25,6.3,6.3,6.21,61.37K,-0.16%
06/14/2020,6.26,6.25,6.29,6.21,13.77K,-0.63%
06/11/2020,6.3,6.38,6.39,6.14,89.92K,-1.72%
06/10/2020,6.41,6.35,6.5,6.32,71.02K,0.47%
06/09/2020,6.38,6.2,6.5,6.2,91.49K,2.74%
06/08/2020,6.21,6.75,6.76,6.2,1.66M,-2.97%
06/07/2020,6.4,6.45,6.45,6.36,54.62K,0.79%
06/04/2020,6.35,6.79,6.79,6.79,1.00K,0.00%
06/03/2020,6.35,6.4,6.73,6.4,1.04K,0.00%
06/02/2020,6.35,6.69,6.69,6.69,0.46K,0.00%
06/01/2020,6.35,6.17,6.5,6.17,1.50K,0.00%
05/21/2020,6.35,6.5,6.69,6.5,2.04K,0.00%
05/19/2020,6.35,6.5,6.73,6.5,1.16K,0.00%
05/18/2020,6.35,6.31,6.4,6.3,5.50K,0.63%
05/17/2020,6.31,6.33,6.34,6.3,8.56K,-1.56%
05/14/2020,6.41,6.4,6.7,6.3,8.00K,-3.32%
05/13/2020,6.63,7.0,7.0,6.5,38.44K,-5.42%
05/12/2020,7.01,7.2,7.2,7.0,48.70K,0.00%
05/11/2020,7.01,7.2,7.29,7.0,71.00K,0.14%
05/10/2020,7.0,6.9,7.2,6.9,97.14K,6.87%
05/07/2020,6.55,6.98,6.98,6.4,15.21K,-4.93%
05/06/2020,6.89,6.5,7.0,6.5,15.61K,-0.43%
05/05/2020,6.92,7.0,7.0,6.99,1.00K,0.00%
05/04/2020,6.92,6.75,6.75,6.75,0.50K,0.00%
04/30/2020,6.92,7.0,7.0,6.7,7.36K,0.58%
04/29/2020,6.88,7.0,7.0,6.7,7.40K,1.78%
04/28/2020,6.76,6.9,6.9,6.65,4.60K,-1.02%
04/27/2020,6.83,6.9,6.99,6.8,6.59K,-2.29%
04/26/2020,6.99,7.0,7.0,6.8,55.57K,0.14%
04/23/2020,6.98,7.0,7.0,6.8,19.38K,-0.14%
04/22/2020,6.99,7.0,7.0,6.65,2.90K,0.00%
04/21/2020,6.99,7.0,7.0,6.9,9.00K,-0.14%
04/16/2020,7.0,7.0,7.15,6.98,16.55K,4.48%
04/15/2020,6.7,6.9,6.99,6.65,8.05K,-2.76%
04/14/2020,6.89,6.6,7.08,6.6,35.09K,3.45%
04/13/2020,6.66,6.7,6.8,6.5,30.42K,1.06%
04/12/2020,6.59,6.5,6.7,6.49,18.38K,1.23%
04/09/2020,6.51,6.7,6.7,6.5,31.35K,0.00%
04/08/2020,6.51,6.3,6.68,6.3,20.18K,-2.40%
04/07/2020,6.67,7.0,7.0,6.5,145.10K,-5.92%
04/06/2020,7.09,7.37,7.49,7.0,97.70K,-5.47%
04/05/2020,7.5,7.5,7.5,7.45,12.46K,7.14%
04/02/2020,7.0,7.0,7.29,7.0,68.00K,0.00%
04/01/2020,7.0,7.0,7.0,6.99,24.63K,0.00%
03/31/2020,7.0,7.0,7.01,6.99,11.00K,-1.41%
03/30/2020,7.1,6.92,7.7,6.7,4.07K,0.00%
03/29/2020,7.1,7.1,7.1,7.1,4.67K,9.40%
03/26/2020,6.49,6.0,6.02,6.0,4.09K,0.00%
03/25/2020,6.49,6.01,6.02,6.0,3.00K,0.00%
03/24/2020,6.49,6.49,6.49,6.49,7.90K,-9.99%
03/23/2020,7.21,7.0,7.0,6.99,1.15K,0.00%
03/22/2020,7.21,7.5,7.5,7.21,0.25K,0.00%
03/19/2020,7.21,6.49,6.49,6.49,4.00K,0.00%
03/17/2020,7.21,6.5,6.5,6.5,1.00K,0.00%
03/11/2020,7.21,7.2,7.2,7.2,1.00K,0.00%
03/05/2020,7.21,7.2,7.2,7.2,0.40K,0.00%
03/04/2020,7.21,7.2,7.2,7.2,0.50K,0.00%
03/02/2020,7.21,7.2,7.2,7.2,1.00K,0.00%
03/01/2020,7.21,7.2,7.2,7.2,0.01K,0.00%
02/27/2020,7.21,7.3,7.3,7.2,26.77K,0.14%
02/26/2020,7.2,7.22,7.22,7.22,0.29K,0.00%
02/20/2020,7.2,7.25,7.25,7.25,0.69K,0.00%
02/19/2020,7.2,7.5,7.5,7.5,3.00K,0.00%
02/16/2020,7.2,7.2,7.25,7.2,10.88K,-3.87%
02/13/2020,7.49,7.1,7.21,7.1,0.02K,0.00%
02/12/2020,7.49,7.02,7.02,7.02,0.01K,0.00%
02/10/2020,7.49,7.49,7.49,7.49,4.06K,0.00%
02/06/2020,7.49,7.9,7.9,7.18,13.50K,-2.09%
02/05/2020,7.65,7.6,7.6,7.51,3.02K,0.00%
02/04/2020,7.65,7.51,7.51,7.51,0.06K,0.00%
02/02/2020,7.65,7.52,7.52,7.52,0.91K,0.00%
01/29/2020,7.65,7.65,7.65,7.65,10.70K,0.00%
01/28/2020,7.65,7.65,7.65,7.65,15.00K,0.26%
01/27/2020,7.63,7.64,8.0,7.57,5.59K,-4.51%
01/26/2020,7.99,7.52,7.52,7.52,1.46K,0.00%
01/22/2020,7.99,7.99,7.99,7.9,51.93K,-0.13%
01/21/2020,8.0,7.9,7.9,7.9,3.70K,0.00%
01/15/2020,8.0,8.0,8.0,8.0,10.00K,0.00%
01/14/2020,8.0,8.0,8.0,8.0,8.18K,0.00%
01/13/2020,8.0,8.0,8.0,8.0,40.00K,0.00%
01/12/2020,8.0,8.0,8.0,8.0,5.00K,0.00%
01/09/2020,8.0,8.0,8.0,8.0,30.00K,0.00%
01/08/2020,8.0,8.0,8.0,8.0,4.40K,0.00%
01/06/2020,8.0,8.0,8.0,8.0,4.00K,-2.08%
01/05/2020,8.17,8.2,8.2,7.4,96.05K,-0.37%
01/02/2020,8.2,8.2,8.2,8.2,8.85K,2.50%
12/30/2019,8.0,8.0,8.0,8.0,2.05K,0.00%
12/29/2019,8.0,8.0,8.0,8.0,150.05K,-0.37%
12/26/2019,8.03,8.0,8.0,8.0,1.50K,0.00%
12/23/2019,8.03,8.0,8.03,8.0,244.16K,0.12%
12/19/2019,8.02,8.0,8.1,8.0,3.78K,0.25%
12/18/2019,8.0,8.0,8.0,8.0,11.00K,-0.12%
12/17/2019,8.01,8.0,8.09,8.0,16.67K,-0.12%
12/16/2019,8.02,8.0,8.0,8.0,2.71K,0.00%
12/15/2019,8.02,8.02,8.02,8.02,842.84K,0.00%
12/12/2019,8.02,8.2,8.2,7.71,7.90K,0.25%
12/11/2019,8.0,8.0,8.0,8.0,0.50K,0.00%
12/05/2019,8.0,8.0,8.0,8.0,1.82K,0.00%
12/04/2019,8.0,8.0,8.15,7.75,5.15K,5.54%
12/03/2019,7.58,8.0,8.0,7.39,5.63K,-7.56%
12/02/2019,8.2,8.2,8.2,8.2,2.51K,0.00%
12/01/2019,8.2,8.0,8.0,8.0,0.18K,0.00%
11/27/2019,8.2,8.2,8.2,8.2,1.01K,0.00%
11/26/2019,8.2,8.2,8.2,8.2,8.19K,0.00%
11/25/2019,8.2,8.0,8.2,8.0,4.04K,0.00%
11/21/2019,8.2,8.2,8.2,8.19,34.79K,0.24%
11/20/2019,8.18,8.17,8.2,8.01,44.32K,-0.12%
11/19/2019,8.19,8.2,8.2,8.1,26.46K,-0.12%
11/18/2019,8.2,8.2,8.2,8.2,5.00K,0.00%
11/17/2019,8.2,8.2,8.2,8.2,10.00K,-2.61%
11/11/2019,8.42,8.4,8.4,8.4,0.50K,0.00%
11/07/2019,8.42,8.4,8.4,8.4,2.50K,0.00%
11/06/2019,8.42,8.4,8.64,8.4,19.16K,0.36%
11/05/2019,8.39,8.4,8.4,8.2,3.01K,0.00%
11/04/2019,8.39,8.34,8.4,8.34,25.66K,2.32%
11/03/2019,8.2,8.0,8.0,8.0,0.25K,0.00%
10/31/2019,8.2,8.2,8.2,8.2,45.00K,2.76%
10/30/2019,7.98,8.0,8.2,7.9,11.79K,-2.80%
10/29/2019,8.21,8.2,8.3,8.2,8.50K,0.12%
10/28/2019,8.2,8.2,8.2,8.2,59.96K,0.61%
10/24/2019,8.15,8.01,8.2,8.01,3.40K,0.00%
10/23/2019,8.15,8.3,8.3,8.01,16.77K,-0.61%
10/22/2019,8.2,8.2,8.2,8.2,10.19K,1.23%
10/21/2019,8.1,8.0,8.25,8.0,62.02K,-1.82%
10/20/2019,8.25,8.29,8.35,8.0,4.00K,3.00%
10/17/2019,8.01,8.02,8.05,8.0,30.12K,3.76%
10/16/2019,7.72,7.65,8.0,7.62,46.94K,1.58%
10/15/2019,7.6,7.6,7.6,7.6,161.64K,0.00%
10/14/2019,7.6,7.49,7.7,7.49,139.75K,2.01%
10/13/2019,7.45,7.3,7.5,7.3,10.00K,1.92%
10/10/2019,7.31,7.32,7.32,7.31,4.26K,0.14%
10/09/2019,7.3,7.3,7.3,7.3,5.00K,0.69%
10/08/2019,7.25,7.23,7.28,7.21,32.00K,-1.76%
10/07/2019,7.38,7.22,7.4,7.22,7.44K,-0.27%
10/03/2019,7.4,7.4,7.4,7.22,20.85K,-1.33%
10/02/2019,7.5,7.5,7.59,7.5,15.56K,1.90%
10/01/2019,7.36,7.15,7.41,7.08,34.44K,-0.54%
09/29/2019,7.4,7.5,7.5,7.08,7.69K,4.67%
09/26/2019,7.07,7.02,7.02,7.02,1.00K,0.00%
09/25/2019,7.07,6.81,7.3,6.81,49.55K,3.97%
09/24/2019,6.8,6.81,6.81,6.8,11.50K,0.00%
09/23/2019,6.8,6.8,6.9,6.8,99.53K,1.04%
09/22/2019,6.73,6.82,6.85,6.65,52.47K,-7.68%
09/19/2019,7.29,7.31,7.35,7.31,2.61K,0.00%
09/18/2019,7.29,7.11,7.5,7.11,3.92K,0.00%
09/17/2019,7.29,7.3,7.31,7.25,88.36K,0.00%
09/16/2019,7.29,7.3,7.47,7.2,133.10K,1.25%
09/15/2019,7.2,7.36,7.36,7.2,5.15K,-2.17%
09/12/2019,7.36,7.35,7.49,7.3,26.42K,0.14%
09/11/2019,7.35,7.08,7.5,7.05,155.44K,5.00%
09/10/2019,7.0,6.95,7.15,6.9,178.97K,0.72%
09/09/2019,6.95,6.97,7.0,6.78,141.69K,-0.43%
09/08/2019,6.98,7.26,7.28,6.64,212.78K,-5.16%
09/05/2019,7.36,7.29,7.5,7.2,44.73K,-0.14%
09/04/2019,7.37,7.41,7.5,7.17,5.84K,-3.79%
09/03/2019,7.66,7.77,7.77,7.4,7.50K,3.37%
09/01/2019,7.41,7.89,7.9,7.89,2.93K,0.00%
08/29/2019,7.41,7.43,7.5,7.35,3.77K,0.00%
08/28/2019,7.41,7.1,7.7,7.07,17.08K,-3.14%
08/27/2019,7.65,7.9,7.9,7.5,19.50K,-0.65%
08/26/2019,7.7,7.71,7.72,7.65,4.00K,0.00%
08/25/2019,7.7,7.72,7.72,7.7,12.00K,-0.39%
08/22/2019,7.73,7.71,7.71,7.71,1.50K,0.00%
08/21/2019,7.73,7.75,7.98,7.74,3.57K,0.00%
08/20/2019,7.73,7.76,7.89,7.71,9.05K,-2.15%
08/19/2019,7.9,7.9,7.9,7.9,5.52K,0.00%
08/18/2019,7.9,7.9,7.9,7.75,142.35K,0.00%
08/15/2019,7.9,7.91,7.91,7.9,5.00K,-1.25%
08/14/2019,8.0,8.0,8.02,7.9,14.47K,0.63%
08/08/2019,7.95,7.99,8.0,7.8,274.73K,2.05%
08/07/2019,7.79,7.65,7.8,7.65,10.66K,-2.63%
08/06/2019,8.0,8.0,8.02,7.72,43.09K,-0.50%
08/05/2019,8.04,8.11,8.11,7.8,28.82K,-5.30%
08/04/2019,8.49,8.11,8.5,8.11,17.28K,2.29%
08/01/2019,8.3,8.3,8.3,8.3,0.48K,0.00%
07/31/2019,8.3,8.12,8.45,8.1,58.54K,0.61%
07/30/2019,8.25,8.25,8.25,8.25,8.00K,-2.94%
07/28/2019,8.5,8.25,8.25,8.25,0.45K,0.00%
07/24/2019,8.5,8.3,8.3,8.11,0.13K,0.00%
07/22/2019,8.5,8.3,8.3,8.3,2.00K,0.00%
07/21/2019,8.5,8.5,8.5,8.5,2.00K,0.00%
07/18/2019,8.5,8.49,8.5,8.49,5.50K,0.12%
07/17/2019,8.49,8.35,8.5,8.35,31.96K,4.81%
07/15/2019,8.1,8.1,8.11,8.1,7.61K,0.12%
07/14/2019,8.09,8.1,8.11,8.1,1.42K,0.00%
07/11/2019,8.09,8.1,8.1,8.08,17.27K,0.12%
07/10/2019,8.08,8.1,8.1,8.1,2.00K,0.00%
07/09/2019,8.08,8.1,8.1,8.1,0.24K,0.00%
07/08/2019,8.08,8.1,8.11,8.0,61.11K,-0.25%
07/07/2019,8.1,8.1,8.1,8.1,5.41K,-0.74%
07/04/2019,8.16,8.15,8.16,8.15,10.85K,-2.39%
07/03/2019,8.36,8.45,8.64,8.1,29.31K,3.47%
07/02/2019,8.08,8.25,8.35,8.0,11.28K,-4.94%
06/27/2019,8.5,8.5,8.5,8.5,4.09K,0.24%
06/26/2019,8.48,8.4,8.49,8.4,6.00K,5.87%
06/25/2019,8.01,8.05,8.05,8.0,14.34K,-0.74%
06/24/2019,8.07,8.1,8.15,8.05,12.50K,-3.93%
06/23/2019,8.4,8.5,8.5,8.05,72.05K,-0.12%
06/20/2019,8.41,8.3,8.5,8.3,4.28K,0.96%
06/19/2019,8.33,8.3,8.38,8.3,11.00K,0.24%
06/18/2019,8.31,8.35,8.35,8.29,6.21K,3.10%
06/17/2019,8.06,8.06,8.1,8.05,4.20K,-0.25%
06/16/2019,8.08,8.11,8.11,8.05,4.49K,-1.70%
06/13/2019,8.22,8.3,8.3,8.11,7.41K,-1.56%
06/12/2019,8.35,8.4,8.4,8.35,14.00K,-1.07%
06/11/2019,8.44,8.83,8.98,8.27,15.21K,-6.22%
06/10/2019,9.0,8.85,9.0,8.85,87.65K,0.00%
06/09/2019,9.0,8.85,8.85,8.85,0.50K,0.00%
06/03/2019,9.0,9.0,9.0,8.81,23.67K,0.22%
05/29/2019,8.98,8.8,9.2,8.8,239.84K,-0.22%
05/28/2019,9.0,9.0,9.0,8.53,85.55K,0.00%
05/27/2019,9.0,8.97,9.01,8.97,118.81K,6.89%
05/21/2019,8.42,7.44,8.5,7.44,20.83K,3.69%
05/20/2019,8.12,8.29,8.29,8.1,17.58K,-9.78%
05/19/2019,9.0,8.32,8.4,8.32,1.08K,0.00%
05/16/2019,9.0,8.53,8.53,8.32,2.25K,0.00%
05/15/2019,9.0,8.5,8.5,8.5,0.87K,0.00%
05/13/2019,9.0,8.72,8.72,8.7,1.50K,0.00%
05/12/2019,9.0,8.72,8.72,8.72,0.02K,0.00%
05/09/2019,9.0,9.0,9.0,8.61,0.52K,0.00%
05/08/2019,9.0,9.0,9.01,9.0,180.86K,-0.88%
05/07/2019,9.08,9.0,9.29,9.0,0.36K,0.00%
05/06/2019,9.08,9.0,9.3,9.0,14.62K,0.33%
05/05/2019,9.05,9.35,9.35,9.35,0.01K,0.00%
05/02/2019,9.05,9.45,9.45,9.0,10.32K,0.44%
04/30/2019,9.01,9.26,9.3,9.26,0.85K,0.00%
04/24/2019,9.01,9.0,9.39,9.0,3.62K,0.11%
04/23/2019,9.0,9.0,9.0,9.0,14.01K,-0.11%
04/22/2019,9.01,9.0,9.0,9.0,1.46K,0.00%
04/21/2019,9.01,9.01,9.01,9.0,9.25K,0.00%
04/18/2019,9.01,9.0,9.01,9.0,131.41K,0.11%
04/17/2019,9.0,9.0,9.0,9.0,4.51K,0.00%
04/16/2019,9.0,9.0,9.0,9.0,5.50K,0.00%
04/15/2019,9.0,9.0,9.24,9.0,25.02K,0.00%
04/14/2019,9.0,9.0,9.0,9.0,23.50K,0.00%
04/11/2019,9.0,9.0,9.0,9.0,5.00K,0.22%
04/10/2019,8.98,9.0,9.0,8.95,7.10K,-0.33%
04/09/2019,9.01,9.0,9.02,9.0,12.49K,1.12%
04/08/2019,8.91,9.01,9.09,8.6,22.96K,-1.44%
04/07/2019,9.04,9.1,9.1,9.0,9.05K,0.22%
04/04/2019,9.02,9.16,9.16,9.0,55.00K,-2.06%
04/03/2019,9.21,9.55,9.55,9.17,28.64K,-2.85%
04/02/2019,9.48,9.25,9.74,9.17,15.40K,3.16%
04/01/2019,9.19,9.33,9.33,9.15,39.06K,-3.06%
03/31/2019,9.48,9.5,9.7,9.23,164.56K,5.22%
03/28/2019,9.01,8.65,9.51,8.65,1.57M,4.16%
03/27/2019,8.65,8.65,8.66,8.65,157.57K,0.00%
03/26/2019,8.65,8.65,8.84,8.65,196.92K,0.12%
03/25/2019,8.64,8.66,8.66,8.6,223.33K,-0.12%
03/24/2019,8.65,8.65,8.66,8.65,132.17K,-0.57%
03/21/2019,8.7,8.7,8.7,8.65,28.90K,0.00%
03/20/2019,8.7,8.71,8.71,8.7,16.80K,0.58%
03/19/2019,8.65,8.65,8.92,8.65,133.76K,0.00%
03/18/2019,8.65,8.65,8.89,8.65,73.82K,0.12%
03/14/2019,8.64,8.68,8.71,8.59,68.73K,-2.70%
03/13/2019,8.88,8.61,9.0,8.61,68.34K,2.07%
03/12/2019,8.7,8.61,8.88,8.6,1.28M,0.58%
03/11/2019,8.65,8.66,8.67,8.6,29.41K,-0.23%
03/10/2019,8.67,8.6,8.7,8.6,7.17K,-0.23%
03/07/2019,8.69,8.6,8.6,8.6,1.65K,0.00%
03/06/2019,8.69,8.61,8.61,8.61,0.20K,0.00%
03/05/2019,8.69,8.67,8.67,8.66,0.48K,0.00%
03/04/2019,8.69,8.9,8.91,8.61,64.63K,-0.23%
03/03/2019,8.71,8.71,8.8,8.65,37.20K,-0.80%
02/28/2019,8.78,8.72,8.72,8.71,1.00K,0.00%
02/27/2019,8.78,8.6,9.0,8.59,45.17K,0.80%
02/26/2019,8.71,8.83,8.83,8.6,6.00K,-4.70%
02/25/2019,9.14,9.0,9.0,9.0,0.90K,0.00%
02/24/2019,9.14,8.85,8.85,8.76,0.80K,0.00%
02/21/2019,9.14,8.85,8.87,8.85,1.29K,0.00%
02/20/2019,9.14,9.19,9.19,9.0,3.45K,1.90%
02/19/2019,8.97,9.0,9.0,9.0,1.00K,0.00%
02/18/2019,8.97,9.19,9.19,8.9,6.96K,-2.39%
02/17/2019,9.19,9.5,9.5,9.0,36.49K,-0.65%
02/14/2019,9.25,9.19,9.5,9.16,133.69K,0.98%
02/13/2019,9.16,9.19,9.22,9.0,61.95K,0.11%
02/12/2019,9.15,9.2,9.2,8.9,6.35K,1.22%
02/11/2019,9.04,9.0,9.39,8.9,60.00K,0.44%
02/10/2019,9.0,8.94,9.2,8.86,45.01K,1.81%
02/07/2019,8.84,9.0,9.0,8.75,18.97K,-2.00%
02/06/2019,9.02,8.99,9.35,8.82,118.85K,3.09%
02/05/2019,8.75,8.63,8.97,8.6,26.53K,1.63%
02/04/2019,8.61,8.53,8.63,8.53,17.14K,-3.80%
02/03/2019,8.95,9.09,9.16,8.65,94.94K,-4.99%
01/31/2019,9.42,9.25,9.6,9.16,206.04K,6.20%
01/30/2019,8.87,8.7,9.04,8.53,292.24K,7.91%
01/29/2019,8.22,7.9,8.69,7.6,559.88K,4.05%
01/28/2019,7.9,7.8,8.0,7.7,191.96K,4.36%
01/27/2019,7.57,7.59,7.69,7.22,37.20K,5.58%
01/23/2019,7.17,7.47,7.47,7.3,3.50K,0.00%
01/22/2019,7.17,7.18,7.44,7.09,124.03K,-0.55%
01/21/2019,7.21,7.11,7.25,7.11,38.19K,-1.64%
01/20/2019,7.33,7.4,7.4,7.2,46.09K,-2.27%
01/17/2019,7.5,7.5,7.5,7.5,26.40K,2.60%
01/16/2019,7.31,7.48,7.48,7.25,24.42K,-2.40%
01/15/2019,7.49,7.6,7.6,7.45,63.20K,-2.73%
01/14/2019,7.7,7.7,7.7,7.59,2.00K,0.00%
01/13/2019,7.7,7.8,7.8,7.6,10.58K,-0.77%
01/10/2019,7.76,7.75,7.8,7.75,14.00K,1.57%
01/09/2019,7.64,7.62,7.8,7.61,23.86K,-2.05%
01/08/2019,7.8,7.82,7.87,7.65,93.20K,3.45%
01/06/2019,7.54,7.69,7.75,7.31,60.07K,-4.07%
01/03/2019,7.86,7.85,7.85,7.85,1.00K,0.00%
01/02/2019,7.86,7.6,7.97,7.6,4.28K,2.88%
